{"cameraMode":{"drawMode":0,"name":"Shaded","section":"Shading Mode"},"sceneLighting":true,"audioPlay":false,"sceneViewState":{"m_AlwaysRefresh":false,"showFog":true,"showSkybox":true,"showFlares":true,"showImageEffects":true,"showParticleSystems":true,"showVisualEffectGraphs":true,"m_FxEnabled":true},"in2DMode":false,"pivot":{"x":12.444157600402832,"y":1.4630240201950074,"z":11.388643264770508},"rotation":{"x":-0.12235312163829804,"y":0.8764697909355164,"z":-0.30410143733024599,"w":-0.35264039039611819},"size":4.877335071563721,"orthographic":false}